"term","combined.estimate","combined.p.value","structure.estimate","structure.p.value","sequence.estimate","sequence.p.value"
"(Intercept)",-0.0123367509439737,0.45507864701578,-0.0107976059001585,0.626478530156822,-0.00644458307691398,0.769841571842395
"avg.euc.dist",0.034289678544346,0.0778925686623711,0.0171696432058433,0.506971563674121,NA,NA
"top.sg.median.kas",0.0612494429619634,0.00192739616567854,0.0654550420290108,0.0117902943517446,NA,NA
"avg.spearman",0.16793646287063,4.02335572410198e-16,0.165432665394169,1.08996196780784e-09,NA,NA
"kernel.count",0.164327392811653,4.52823819230531e-13,0.191140161974762,4.71317801706822e-11,NA,NA
"CDR3.similarity",0.12310123496671,1.13970363359146e-12,NA,NA,0.208002437616237,3.28525475903229e-22
