"term","combined.estimate","combined.p.value","structure.estimate","structure.p.value","sequence.estimate","sequence.p.value"
"(Intercept)",-0.0556834868662129,0.0132408144189523,-0.0404247575839256,0.0697473878220733,-0.0385118748461593,2.91219574161678e-05
"avg.euc.dist",0.0292005381317335,0.258561282547419,0.00256448716634586,0.919889674298775,NA,NA
"top.sg.median.kas",0.0604251559476384,0.0160332597102551,0.0643913653542988,0.00929581187775547,NA,NA
"avg.spearman",0.104806462056028,6.41853731461837e-05,0.110038928391771,4.05438659452807e-05,NA,NA
"kernel.count",0.184035129223623,1.06270070066582e-11,0.210481242386325,6.6056872095656e-16,NA,NA
"CDR3.similarity",0.18983594163609,5.75369822208239e-18,NA,NA,0.304075794396671,1.01926321031253e-278
