"term","combined.estimate","combined.p.value","structure.estimate","structure.p.value","sequence.estimate","sequence.p.value"
"(Intercept)",-0.0153213497376983,0.493751852561977,-0.0110375118781483,0.618884154899737,-0.0153314303998378,0.492098211451757
"top.sg.euc.dist",0.0803464060503153,0.00220567546446511,0.0350797070750141,0.178052469254834,NA,NA
"top.sg.median.kas",0.0434621423626637,0.0981065355215583,0.0645927922949205,0.0129608221069141,NA,NA
"avg.spearman",0.10168936756346,0.000189974896042789,0.164798824806309,1.26738039247882e-09,NA,NA
"top.cosine.sim",-0.00714913275272161,0.762945794516548,0.0235918259903741,0.32645927086614,NA,NA
"kernel.count",-0.0165711322283079,0.64161386581594,0.193629770555414,3.57972588745137e-11,NA,NA
"CDR3.similarity",0.0556600598843975,0.0235059872169349,NA,NA,0.0486321505043635,0.046121140529321
"full.similarity",0.363614142302587,1.90115074956784e-25,NA,NA,0.367248420658156,1.94947335722891e-48
