"term","combined.estimate","combined.p.value","structure.estimate","structure.p.value","sequence.estimate","sequence.p.value"
"(Intercept)",-0.067662551071163,4.10936883326797e-13,-0.0384474638809795,2.92329479314877e-05,-0.066756697267332,8.09732544823488e-13
"top.sg.euc.dist",0.0518705925672856,1.9833268984714e-06,0.0357244998063695,0.000904907069199151,NA,NA
"top.sg.median.kas",0.0231419494403426,0.0322680165314718,0.0631198485434269,1.60307608748181e-09,NA,NA
"avg.spearman",0.0743620900523783,1.17562029128771e-10,0.113200220407318,6.94460040282666e-24,NA,NA
"top.cosine.sim",0.00781433816743781,0.451757697103486,0.0231201719280128,0.0229580496096154,NA,NA
"kernel.count",0.0228049626231066,0.0992756158226983,0.239616976575864,2.43854993006382e-103,NA,NA
"CDR3.similarity",0.177297309007661,4.10033756669197e-71,NA,NA,0.159848227694719,1.48445696213022e-61
"full.similarity",0.275757965803592,2.88229305139413e-93,NA,NA,0.320958778225758,2.86167856234469e-253
