"term","combined.estimate","combined.p.value","structure.estimate","structure.p.value","sequence.estimate","sequence.p.value"
"(Intercept)",-0.0444367742771811,6.52628481126411e-05,-0.0216370704922948,0.371827032198349,-0.0340759744465766,0.00209377755811996
"top.sg.euc.dist",-0.00788560350344709,0.539666579081849,-0.0363293316832288,0.193396304545235,NA,NA
"top.sg.median.kas",0.0493593760616616,7.25369295165161e-05,0.0744057511357582,0.00492115435725759,NA,NA
"avg.spearman",0.0101130560322485,0.434117884506896,-0.00390517813732405,0.881564555307973,NA,NA
"kernel.count",0.162527066002074,3.2993851699031e-32,0.202320465437583,9.657290139096e-13,NA,NA
"CDR3.similarity",0.277949531095257,2.99360195701942e-128,NA,NA,0.312412159758505,4.83176613197718e-182
