"term","combined.estimate","combined.p.value","structure.estimate","structure.p.value","sequence.estimate","sequence.p.value"
"(Intercept)",-0.047167775341982,6.20085799136451e-07,-0.0225988203891252,0.319576158395347,-0.0453884928588402,0.0479946361697563
"top.sg.euc.dist",0.0175715846184299,0.114041441601267,-0.0106846634668137,0.685390439721556,NA,NA
"top.sg.median.kas",0.0288913353325561,0.0064983631760312,0.0713528934847899,0.00382003581551592,NA,NA
"avg.spearman",-0.0203125700188436,0.0687024234233907,0.00149957575496003,0.950933330411332,NA,NA
"top.cosine.sim",0.012194210098362,0.245339056321695,-0.0042391078644144,0.863294922640943,NA,NA
"kernel.count",0.0808787341170863,3.24058051074758e-09,0.225883899663044,9.44933294006488e-17,NA,NA
"CDR3.similarity",0.208304996786867,4.85237761575077e-93,NA,NA,0.160235795106697,1.06083770789829e-11
"full.similarity",0.17412767069885,6.16860932052786e-41,NA,NA,0.246631054420439,3.19823878864656e-27
