"term","combined.estimate","combined.p.value","structure.estimate","structure.p.value","sequence.estimate","sequence.p.value"
"(Intercept)",-0.0717292347764714,8.10861696352205e-11,-0.0431346509846033,0.0708090925625586,-0.0678792962618215,0.00515399114639945
"top.sg.euc.dist",0.0390811132704854,0.00289896836303148,0.00365153411878192,0.896996153705467,NA,NA
"top.sg.median.kas",0.0159073007075396,0.218850606237553,0.0577390531236384,0.0306926331199772,NA,NA
"avg.spearman",0.0962082574064438,5.59385383741489e-12,0.111880921902365,0.000161937028898677,NA,NA
"top.cosine.sim",0.00116781890651678,0.924495510330185,0.0212100451134792,0.422818562877957,NA,NA
"kernel.count",0.00875533226205216,0.603468201048514,0.250805597649553,1.09075505107085e-17,NA,NA
"CDR3.similarity",0.188165257790082,4.8690966149595e-55,NA,NA,0.163449776962658,2.19379296917555e-10
"full.similarity",0.314566561914419,7.36058053140133e-83,NA,NA,0.39417605900978,1.96484074305887e-53
