"term","combined.estimate","combined.p.value","structure.estimate","structure.p.value","sequence.estimate","sequence.p.value"
"(Intercept)",-0.0153977595842431,0.520827751712696,-0.0112509331074873,0.532824107101662,-0.0146095613459701,0.42017543653727
"top.sg.euc.dist",0.044901285932396,0.112503267522011,0.0521208429325865,0.0151363875589263,NA,NA
"top.sg.median.kas",0.0137705137854174,0.6287348180095,0.0453457589411907,0.0360658969404263,NA,NA
"avg.spearman",0.125580688772547,2.67295461350703e-05,0.191738692835272,9.6109583140493e-17,NA,NA
"top.cosine.sim",-0.00842560504450012,0.742517252044506,0.00354401131116003,0.856686295833714,NA,NA
"kernel.count",0.0466614789275592,0.231621033432542,0.260211111147284,1.22933602164843e-25,NA,NA
"CDR3.similarity",0.0959089422579278,0.000277976029205109,NA,NA,0.107578993620375,8.86934397667515e-08
"full.similarity",0.309797284439424,6.09245879345792e-16,NA,NA,0.36493565446691,8.24931951029751e-71
