"term","combined.estimate","combined.p.value","structure.estimate","structure.p.value","sequence.estimate","sequence.p.value"
"(Intercept)",-0.010687897455109,0.559731179869317,-0.00768645696231455,0.750669944747444,-0.00656756275903345,0.718250520601821
"top.sg.euc.dist",-0.00556873827059877,0.79300039345536,0.0048514541093074,0.861729689604026,NA,NA
"top.sg.median.kas",-0.0233273513432807,0.266847343891747,-0.00338329484083571,0.902664357653548,NA,NA
"avg.spearman",0.0164504272654111,0.436862829655827,0.0367356358730721,0.172345526625622,NA,NA
"kernel.count",0.250504098566158,1.29116286468386e-25,0.262605775554415,9.32617838187108e-18,NA,NA
"CDR3.similarity",0.155546310424762,3.49880446049072e-16,NA,NA,0.212223528228459,8.72325709790603e-32
