"term","both","both.p.value","cdr3","cdr3.p.value","full","full.p.value"
"(Intercept)",-0.117140033640131,5.21775220105674e-05,-0.0399994928634057,0.15444017714086,-0.110832861057619,0.000122478286258849
"CDR3.similarity",0.131068155955274,5.86277769626824e-06,0.280179315745279,1.77275949848692e-25,NA,NA
"full.similarity",0.380091390639662,1.55591670524166e-47,NA,NA,0.434267142395425,8.66310185539597e-68
