"term","both","both.p.value","cdr3","cdr3.p.value","full","full.p.value"
"(Intercept)",-0.0374955392198024,0.188897870308505,-0.0110240140022273,0.691249628004107,-0.0361262413442788,0.205664695639542
"CDR3.similarity",0.068266440866311,0.0258177893898537,0.226084910241244,2.13605964561456e-16,NA,NA
"full.similarity",0.497265629833856,8.81393765583365e-59,NA,NA,0.527614060339879,2.27387747109795e-74
