"term","all.features","all.features.p.value","tuned.features","tuned.penalty"
"(Intercept)",-0.0345909578194622,0.224051518479399,-0.0342722216289275,0.000739072203352578
"avg.kas",-0.128150567873729,0.0105622138925427,-0.104541311712553,0.000739072203352578
"avg.euc.dist",-0.00383547830665621,0.930162473358823,0,0.000739072203352578
"avg.spearman",0.00889585202149586,0.787959611117552,0.00353479650480073,0.000739072203352578
"top.sg.euc.dist",0.131462623933065,0.00232254493381666,0.119795469241259,0.000739072203352578
"top.sg.cosine.sim",0.0534084359191923,0.0852616398066542,0.0497227386714756,0.000739072203352578
"kernel.count",0.573321012466613,2.24109124450954e-42,0.56849899424829,0.000739072203352578
"top.kas",0.0557904543034251,0.285314782968414,0.0355579888530134,0.000739072203352578
