"term","combined.estimate","combined.p.value","structure.estimate","structure.p.value","sequence.estimate","sequence.p.value"
"(Intercept)",-0.012090370112371,0.464167939299505,-0.0109789071332278,0.620724309802058,-0.00644458307691398,0.769841571842395
"top.sg.euc.dist",0.0498397095805431,0.00930522512932615,0.0299059371599281,0.241054865038509,NA,NA
"top.sg.median.kas",0.0560700210035032,0.00460397746706242,0.0648589861610625,0.0125771164330021,NA,NA
"avg.spearman",0.168707956234057,3.70742097743813e-16,0.16613368261388,8.82798650611974e-10,NA,NA
"kernel.count",0.171030582938723,4.65793302715576e-14,0.197447329136514,9.85841390128232e-12,NA,NA
"CDR3.similarity",0.128000590008887,1.84306345716467e-13,NA,NA,0.208002437616237,3.28525475903229e-22
