"term","both","both.p.value","cdr3","cdr3.p.value","full","full.p.value"
"(Intercept)",-0.0236647306319931,0.348314220450021,-0.0107848362193974,0.665544857677406,-0.0191708275857844,0.44781527706803
"CDR3.similarity",0.0854169320398502,0.00177833927975522,0.237247576419792,5.318186624614e-23,NA,NA
"full.similarity",0.339784408060952,2.16952109475074e-34,NA,NA,0.3995595349559,1.88181861124214e-55
