"term","both","both.p.value","cdr3","cdr3.p.value","full","full.p.value"
"(Intercept)",-0.0748840798022501,0.00354116300421586,-0.0470243486541455,0.0633605485024335,-0.0645644843978079,0.0114673658411718
"CDR3.similarity",0.184362097289001,4.13508479185687e-12,0.319346740492607,1.06367977263685e-42,NA,NA
"full.similarity",0.351578801091009,2.82759029670839e-41,NA,NA,0.429517322301063,4.12123385042776e-73
