"term","all.features","all.features.p.value","tuned.features","tuned.penalty","limited.features","limited.features.p.value"
"(Intercept)",-0.0456857548049772,0.0715690689117911,-0.0450327707027034,0.00187381742286038,-0.048410645676252,0.0557678885271842
"avg.euc.dist",-0.0415255030749279,0.248251034703693,-0.0200666720212136,0.00187381742286038,0.0424440396558608,0.153214443424952
"avg.kas",0.0244993500998324,0.654501328980619,0.0263651758651191,0.00187381742286038,NA,NA
"top.sg.median.kas",0.0922607721671601,0.07347354896005,0.087029305029709,0.00187381742286038,0.115834886608176,3.41640707100144e-05
"top.sg.euc.dist",0.0514264415280322,0.158853035209946,0.0236736566005546,0.00187381742286038,NA,NA
"avg.spearman",0.147080605664211,1.37454987106785e-06,0.141197904366855,0.00187381742286038,0.162246118621458,8.90149167579554e-08
"top.cosine.sim",-0.0154424312311312,0.56801412441413,-0.00563696711394816,0.00187381742286038,NA,NA
"kernel.count",0.247190828948874,8.19250091436326e-15,0.23624778948482,0.00187381742286038,0.20495696930875,3.88278722669048e-12
