"term","all.features","all.features.p.value","tuned.features","tuned.penalty","limited.features","limited.features.p.value"
"(Intercept)",-0.0167409594841735,0.504968927544097,-0.0165019143514033,0.00187381742286038,-0.0139634082237324,0.578605319305856
"avg.euc.dist",0.0302394217832302,0.419639481528839,0.0201959502039103,0.00187381742286038,0.0536200105896749,0.0718915577241571
"avg.kas",-0.0132286161875979,0.817314204707031,0,0.00187381742286038,NA,NA
"top.sg.median.kas",0.0991704920364104,0.0662566782838455,0.0845251506029005,0.00187381742286038,0.0768030819268137,0.00886935545644449
"top.sg.euc.dist",0.0286271818923029,0.440805533361724,0.0204978349378681,0.00187381742286038,NA,NA
"avg.spearman",0.180621287036922,8.93274204828931e-09,0.172163314366416,0.00187381742286038,0.185792767083416,2.07529678764207e-09
"top.cosine.sim",-0.0176773345531902,0.509381547960864,-0.00895348813797157,0.00187381742286038,NA,NA
"kernel.count",0.197146310737794,5.85943706815296e-09,0.179271505912474,0.00187381742286038,0.215681679545013,6.87563326984876e-11
