"term","combined.estimate","combined.p.value","structure.estimate","structure.p.value","sequence.estimate","sequence.p.value"
"(Intercept)",-0.00933560210906828,0.68062691292243,-0.00773444949987344,0.645094740805546,-0.00440266636624191,0.79219694544752
"top.sg.euc.dist",0.00732402446826036,0.778979036703908,-0.00684212541320184,0.723954938114735,NA,NA
"top.sg.median.kas",-0.0544733089718803,0.0311193769764409,-0.0495351381789364,0.00843081210149609,NA,NA
"avg.spearman",0.00154782335420167,0.951103280325363,0.0169030619986448,0.374875908079916,NA,NA
"kernel.count",0.254575946007578,6.98925408030659e-19,0.273322496064412,1.46311531725654e-38,NA,NA
"CDR3.similarity",0.117881193732255,3.09071227624246e-07,NA,NA,0.171504620166993,1.79383768043309e-25
