"term","combined.estimate","combined.p.value","structure.estimate","structure.p.value","sequence.estimate","sequence.p.value"
"(Intercept)",-0.05558003333291,0.013420618308819,-0.037856811058529,3.84643170463576e-05,-0.0385118748461593,2.91219574161678e-05
"top.sg.euc.dist",0.0550912335070648,0.0313205427394571,0.030421269217631,0.00388466246516874,NA,NA
"top.sg.median.kas",0.0597120310044714,0.0172814298637292,0.0665483401341989,1.62409363189457e-10,NA,NA
"avg.spearman",0.10598765069236,5.17888078010859e-05,0.105681187332914,1.11676455394573e-21,NA,NA
"kernel.count",0.195124454382384,5.31713266321376e-13,0.244230822839663,2.21546587547357e-110,NA,NA
"CDR3.similarity",0.190399823709119,4.69645782821121e-18,NA,NA,0.304075794396671,1.01926321031253e-278
