"term","both","both.p.value","cdr3","cdr3.p.value","full","full.p.value"
"(Intercept)",-0.0589379382966921,0.0389423045644791,-0.0351059686393631,0.214018211247931,-0.0457054602010241,0.106786243310291
"CDR3.similarity",0.200695872364801,4.4718687244807e-11,0.334795109928241,2.05000903876637e-32,NA,NA
"full.similarity",0.296787012609557,1.02513919586337e-24,NA,NA,0.362214038694626,2.79717618402584e-41
