"term","both","both.p.value","cdr3","cdr3.p.value","full","full.p.value"
"(Intercept)",-0.0184658664054525,0.512171725333947,-0.00707718269725026,0.799976933973687,-0.0138101032494811,0.623887558012881
"CDR3.similarity",0.137872578512762,3.44510347259616e-06,0.243074101478829,1.39970024707088e-18,NA,NA
"full.similarity",0.280056322553711,5.59081015224811e-21,NA,NA,0.357670263747053,1.66533083900365e-36
