"term","all.features","all.features.p.value","tuned.features","tuned.penalty","limited.features","limited.features.p.value"
"(Intercept)",-0.0098129547665866,0.726195843629056,-0.00959410688271827,0.00187381742286038,-0.00968099266810801,0.72922672494913
"avg.euc.dist",-0.0498345536169522,0.237202919020319,-0.0344486386778855,0.00187381742286038,0.00586640127588614,0.86137794075665
"avg.kas",-0.222638633649347,0.000263419718132514,-0.15105967442146,0.00187381742286038,NA,NA
"top.sg.median.kas",0.162874943784622,0.0056735172247689,0.096067225528093,0.00187381742286038,-0.0448426278210105,0.148635879531682
"top.sg.euc.dist",0.00737765425379161,0.85935741075249,0,0.00187381742286038,NA,NA
"avg.spearman",-0.00867394651099645,0.786847242776306,0,0.00187381742286038,-0.00408718901942572,0.896090869222686
"top.cosine.sim",-0.0411569182444045,0.172205839843628,-0.029149468045523,0.00187381742286038,NA,NA
"kernel.count",0.293310591067424,6.74012207100987e-16,0.277113875262467,0.00187381742286038,0.285327002495265,6.01292798574694e-16
