"term","all.features","all.features.p.value","tuned.features","tuned.penalty","limited.features","limited.features.p.value"
"(Intercept)",-0.0243793434916184,0.385790570689302,-0.0228470793894247,0.00599484250318941,-0.0229792010346088,0.413865690494914
"avg.euc.dist",0.025804499556428,0.539842182194864,0,0.00599484250318941,0.0370374517137274,0.262544197304532
"avg.kas",0.00635683080008031,0.91507021220746,0,0.00599484250318941,NA,NA
"top.sg.median.kas",0.0957411884560556,0.094472212391937,0.0758561531359591,0.00599484250318941,0.10098550676039,0.00102813562418997
"top.sg.euc.dist",0.00434726449463333,0.916972389035236,0,0.00599484250318941,NA,NA
"avg.spearman",-0.0199805266124316,0.521719528298684,0,0.00599484250318941,0.0318272222405692,0.290365742159095
"top.cosine.sim",0.0156063863212509,0.606125983318743,0,0.00599484250318941,NA,NA
"kernel.count",0.268630834695998,2.62881948026507e-14,0.234931547033323,0.00599484250318941,0.274614355742994,1.19231947930073e-15
