"term","both","both.p.value","cdr3","cdr3.p.value","full","full.p.value"
"(Intercept)",-0.0452534227847545,0.0819043481655198,-0.0278218308456834,0.28153176631896,-0.0328826479477472,0.203487395457363
"CDR3.similarity",0.205557439683176,3.07192573711447e-14,0.290539285264547,1.40931659684063e-30,NA,NA
"full.similarity",0.208163033894768,5.29002087655711e-16,NA,NA,0.303691653092307,1.38087330204468e-35
