"term","both","both.p.value","cdr3","cdr3.p.value","full","full.p.value"
"(Intercept)",-0.0122734588985918,0.632883048222065,-0.00485216446690715,0.849209768232888,-0.00990683270274554,0.699962086862777
"CDR3.similarity",0.0699897150892423,0.0091056283686124,0.140118394952852,1.95146321213469e-08,NA,NA
"full.similarity",0.234332584469521,3.45080748098378e-18,NA,NA,0.282587918638661,2.41664310618568e-28
