"term","all.features","all.features.p.value","tuned.features","tuned.penalty","limited.features","limited.features.p.value"
"(Intercept)",-0.0188018363424192,0.465121799754426,-0.0162802887009029,0.0120450354025878,-0.0184741440128691,0.472585961171787
"avg.euc.dist",-0.0403326528170915,0.304776252397868,0,0.0120450354025878,-0.0187786505334383,0.536244912978956
"avg.kas",0.0797563614289701,0.155630571975029,0.0598967145843715,0.0120450354025878,NA,NA
"top.sg.median.kas",0.0323072924514925,0.548552604263476,7.48766383748536e-05,0.0120450354025878,0.0723422194996187,0.00853055841342494
"top.sg.euc.dist",0.0416814512111007,0.269104735168251,0,0.0120450354025878,NA,NA
"avg.spearman",-0.0529697265564862,0.0613432276724661,0,0.0120450354025878,-0.023990256334557,0.409925997134492
"top.cosine.sim",-0.0555769154625258,0.0513465521903899,0,0.0120450354025878,NA,NA
"kernel.count",0.223376104368749,3.7379045003351e-12,0.16118151216066,0.0120450354025878,0.229195963605328,1.61510551342126e-13
