"term","all.features","all.features.p.value","tuned.features","tuned.penalty","limited.features","limited.features.p.value"
"(Intercept)",-0.00858055592177272,0.738307802244057,-0.00859415936384401,0.00298364724028334,-0.00838428956997091,0.74366466873724
"avg.euc.dist",0.0389156583939741,0.309507506930406,0.00678031776004331,0.00298364724028334,0.0319776092416571,0.290810592397836
"avg.kas",-0.186758887366845,0.000684825954157962,-0.0815817166511842,0.00298364724028334,NA,NA
"top.sg.median.kas",0.132575842171567,0.0127530415337352,0.0308459548494364,0.00298364724028334,-0.0402168117208192,0.149864570711913
"top.sg.euc.dist",-0.0237670568845568,0.52861454249944,0,0.00298364724028334,NA,NA
"avg.spearman",-0.023419556154483,0.420540969547959,-0.0100992662435779,0.00298364724028334,0.00415706036887997,0.879609036481964
"top.cosine.sim",-0.0920181095568484,0.00108713959459233,-0.0734018409737201,0.00298364724028334,NA,NA
"kernel.count",0.304154203817177,2.83093486179909e-20,0.269170258704653,0.00298364724028334,0.269096886214526,3.24517811895541e-17
