"","term","combined.estimate","combined.p.value","structure.estimate","structure.p.value","sequence.estimate","sequence.p.value"
"1","(Intercept)",-0.611597134236621,1.75019870099266e-210,-0.00950749783749358,0.668554682199263,-0.610225298216287,1.62692803808402e-210
"2","avg.euc.dist",0.0703783607558615,0.00273881225769436,0.020996746265172,0.422983409407232,NA,NA
"3","top.sg.median.kas",0.0400895625939027,0.0852542598381276,0.056453195043956,0.0312580305160056,NA,NA
"4","avg.spearman",0.114688290053657,2.77917733219187e-06,0.162009075586012,3.43477853336164e-09,NA,NA
"5","top.cosine.sim",-0.00719175279151283,0.733859617707376,0.0223889896037631,0.34876852193422,NA,NA
"6","kernel.count",-0.0173786900243467,0.571786603515368,0.212108964451596,1.64052011503532e-12,NA,NA
"7","CDR3.similarity",0.0640473796891217,0.00338375187967924,NA,NA,0.0626682472988621,0.00400895051503983
"8","full.similarity",0.361900789166891,1.69474382603246e-32,NA,NA,0.377821317995566,5.54730399010285e-69
