"term","combined.estimate","combined.p.value","structure.estimate","structure.p.value","sequence.estimate","sequence.p.value"
"(Intercept)",-0.0131695741492288,0.46673379538555,-0.0112129901265053,0.53412347027905,-0.00904406293136555,0.613268200345264
"avg.euc.dist",0.037737652299147,0.0791074274407378,0.0470761208731456,0.027796719615579,NA,NA
"top.sg.median.kas",0.0384859278695245,0.0770397196241883,0.0502066099599005,0.0194211375085806,NA,NA
"avg.spearman",0.189137948869876,3.14527396574896e-16,0.183887378872873,6.92802078990393e-16,NA,NA
"kernel.count",0.203834999159564,1.74974837062814e-15,0.261485069056706,3.87533882252063e-26,NA,NA
"CDR3.similarity",0.171739233843387,6.63968648304781e-19,NA,NA,0.263517723379046,7.4393282720913e-50
