"term","combined.estimate","combined.p.value","structure.estimate","structure.p.value","sequence.estimate","sequence.p.value"
"(Intercept)",-0.0126060520691282,0.493133226822382,-0.00764129156958776,0.752093785777465,-0.0133955926422898,0.581782034714127
"top.sg.euc.dist",0.00833641881744131,0.702267799351539,0.00135804264860514,0.961946395875604,NA,NA
"top.sg.median.kas",-0.0529395509630567,0.013227115570884,-0.00380712303147149,0.890584072655844,NA,NA
"avg.spearman",-0.0138798773558128,0.521286894290897,0.0379520045376775,0.159834651679921,NA,NA
"top.cosine.sim",-0.00650425955118754,0.748332004579515,-0.0157897858068653,0.549876760251147,NA,NA
"kernel.count",0.124730481755845,1.09159378931015e-05,0.265610942559144,1.11639899397942e-17,NA,NA
"CDR3.similarity",0.102193903991653,3.64229701810533e-07,NA,NA,0.0843392040805343,0.00122439183230872
"full.similarity",0.250173441417708,8.37201035844721e-20,NA,NA,0.300669293494595,4.34902570059657e-30
