"term","combined.estimate","combined.p.value","structure.estimate","structure.p.value","sequence.estimate","sequence.p.value"
"(Intercept)",-0.0540405945345199,1.34611166923638e-06,-0.0216475737152921,0.371599116206011,-0.0519092813961752,3.34985647841594e-06
"top.sg.euc.dist",0.00410156341657387,0.756353429308244,-0.0369426613039226,0.195489731993589,NA,NA
"top.sg.median.kas",0.0235342449127685,0.0626978360099244,0.0743452476704732,0.00496646793630792,NA,NA
"avg.spearman",-0.0221507479069298,0.0974208665053861,-0.00374360193846981,0.886627649401773,NA,NA
"top.cosine.sim",-0.00735508103641484,0.551139190501807,-0.00274390204293136,0.916402639913298,NA,NA
"kernel.count",0.0352981486263767,0.0314602269355725,0.202814236711733,1.71730816894821e-12,NA,NA
"CDR3.similarity",0.236596048011511,3.08652394944334e-83,NA,NA,0.209003715285037,6.32560008413447e-70
"full.similarity",0.236464023605494,5.73921640638201e-51,NA,NA,0.266490867299037,3.60553068761948e-122
