"term","combined.estimate","combined.p.value","structure.estimate","structure.p.value","sequence.estimate","sequence.p.value"
"(Intercept)",-0.0116995069612644,0.607389172349128,-0.00796657263560751,0.635343308802521,-0.0106853737497341,0.638185474218111
"top.sg.euc.dist",0.0038370789349709,0.886629508872295,-0.020786526297919,0.296912797434848,NA,NA
"top.kas",-0.0775160908702843,0.00546379627620291,-0.0759934205919874,0.000214809525413188,NA,NA
"avg.spearman",-0.0320992422195038,0.205659871680438,0.0189846484214813,0.313797722310407,NA,NA
"top.cosine.sim",-0.0719329187997204,0.0042525875894158,-0.045285207659279,0.0131206891980715,NA,NA
"kernel.count",0.155290076940273,1.1000297373116e-05,0.303673297627687,6.96348662761106e-40,NA,NA
"CDR3.similarity",0.062777623906634,0.00935770280194578,NA,NA,0.0844101965434728,0.00048618671290192
"full.similarity",0.249194427978907,4.18444146672218e-14,NA,NA,0.266595255758761,6.83897234374785e-28
