"term","combined.estimate","combined.p.value","structure.estimate","structure.p.value","sequence.estimate","sequence.p.value"
"(Intercept)",-0.0718544884986473,7.53622451891338e-11,-0.0431836933540735,0.0705086702463519,-0.0678792962618215,0.00515399114639945
"avg.euc.dist",0.0249743099692223,0.0627885075601078,-0.00868609449172244,0.761175338796772,NA,NA
"top.sg.median.kas",0.0154356096182632,0.23011236314063,0.0574469587773372,0.0316539134825037,NA,NA
"avg.spearman",0.0911760325132743,4.9517636751445e-11,0.111142176221931,0.000180251013075122,NA,NA
"top.cosine.sim",-0.00427854397843615,0.725766559628019,0.0189052860207313,0.473653427346218,NA,NA
"kernel.count",0.00405651635612008,0.808237185231011,0.245670718342268,5.58669764593841e-17,NA,NA
"CDR3.similarity",0.184506826570484,1.94006300448243e-53,NA,NA,0.163449776962658,2.19379296917555e-10
"full.similarity",0.320068533059185,1.41989725014358e-85,NA,NA,0.39417605900978,1.96484074305887e-53
