"term","combined.estimate","combined.p.value","structure.estimate","structure.p.value","sequence.estimate","sequence.p.value"
"(Intercept)",-0.0148519995541211,0.535806699333746,-0.0108928749697214,0.545807929509886,-0.0146095613459701,0.42017543653727
"avg.euc.dist",0.0672329690744121,0.0213877493732782,0.0414829758021855,0.0574029896102195,NA,NA
"top.sg.median.kas",0.0152082378351258,0.593342621165633,0.0459103963367736,0.033053811659195,NA,NA
"avg.spearman",0.126664863665792,2.29980222722554e-05,0.184900587796588,7.6633657585169e-16,NA,NA
"top.cosine.sim",-0.00588722310679914,0.817912727991841,-0.00697483952105536,0.720041364320443,NA,NA
"kernel.count",0.0545658599447971,0.162389535862004,0.261584302081032,1.34517769302363e-25,NA,NA
"CDR3.similarity",0.0946029438866534,0.00033992407866446,NA,NA,0.107578993620375,8.86934397667515e-08
"full.similarity",0.315408005743101,2.40968965085458e-16,NA,NA,0.36493565446691,8.24931951029751e-71
