"term","both","both.p.value","cdr3","cdr3.p.value","full","full.p.value"
"(Intercept)",-0.0400295335870329,0.155124266958877,-0.0123012340153656,0.653081341151005,-0.0387419451196217,0.169410901335878
"CDR3.similarity",0.0571880466419077,0.0653493640227982,0.293460448657929,5.12542436549145e-27,NA,NA
"full.similarity",0.543548269069436,1.84642110992162e-65,NA,NA,0.587001055936939,3.05025028391173e-85
