"term","all.features","all.features.p.value","tuned.features","tuned.penalty"
"(Intercept)",-0.0925544073566043,0.000937280230382911,-0.0913703983070333,0.00148496826225446
"avg.kas",0.0959964397014108,0.0425671502246915,0.0635575111723045,0.00148496826225446
"avg.euc.dist",-0.0391669849122958,0.366519910792865,-0.0207461580718267,0.00148496826225446
"avg.spearman",0.0916373278899803,0.00468327416910277,0.0901670490501973,0.00148496826225446
"top.sg.euc.dist",0.0736950755397685,0.0762500578084367,0.0471603191834001,0.00148496826225446
"top.sg.cosine.sim",0.0163428745571224,0.593809357847294,0.00975102615602705,0.00148496826225446
"kernel.count",0.351297323979789,7.89879423405225e-24,0.336118804165597,0.00148496826225446
"top.kas",-0.0596390073644238,0.217286325412636,-0.0178561436957984,0.00148496826225446
