"term","combined.estimate","combined.p.value","structure.estimate","structure.p.value","sequence.estimate","sequence.p.value"
"(Intercept)",-0.010539317569902,0.565177209914088,-0.00768645696231455,0.750669944747444,-0.00656756275903345,0.718250520601821
"avg.euc.dist",-0.00100775518007845,0.963639405078003,NA,NA,NA,NA
"top.sg.median.kas",-0.0238656678489168,0.255584857977679,-0.00338329484083571,0.902664357653548,NA,NA
"avg.spearman",0.0158132613078938,0.451821467930831,0.0367356358730721,0.172345526625622,NA,NA
"kernel.count",0.253334760827233,3.4672959240612e-25,0.262605775554415,9.32617838187108e-18,NA,NA
"CDR3.similarity",0.153630921794562,6.48784474666724e-16,NA,NA,0.212223528228459,8.72325709790603e-32
"top.sg.euc.dist",NA,NA,0.0048514541093074,0.861729689604026,NA,NA
