"","term","estimate","std.error","statistic","p.value"
"1","(Intercept)",-0.0687995110005816,0.0225991341554641,-3.04434278443128,0.00233189274844747
"2","avg.euc.dist",0.0190116380222921,0.026251377707576,0.724214867275533,0.468933832524972
"3","top.sg.median.kas",0.0274736996039806,0.0249725657216633,1.10015526278694,0.271264478997242
"4","avg.spearman",0.0436472610410372,0.0260401591237057,1.67615185581961,0.0937084516603209
"5","top.cosine.sim",-0.0190670546264519,0.0240057776846264,-0.794269399514713,0.427038614407134
"6","kernel.count",0.0115868012680742,0.0316176754862757,0.366465943174844,0.714017421120848
"7","CDR3.similarity",0.161378742734126,0.0234036472762323,6.89545269715356,5.36935385088371e-12
"8","full.similarity",0.280315643855272,0.031728870584874,8.83471862338857,1.00350524333313e-18
