"term","combined.estimate","combined.p.value","structure.estimate","structure.p.value","sequence.estimate","sequence.p.value"
"(Intercept)",-0.0473034876710595,5.76256344874701e-07,-0.0228187165575442,0.315005846467685,-0.0453884928588402,0.0479946361697563
"avg.euc.dist",-0.00397782859780645,0.733068670832107,-0.0415738291975625,0.129664669866608,NA,NA
"top.sg.median.kas",0.0326856102900949,0.00202272455348121,0.0704176237341158,0.00432480101455078,NA,NA
"avg.spearman",-0.0227009639521667,0.03884912298426,-0.0011486660297243,0.962491529093848,NA,NA
"top.cosine.sim",-0.00244684088534422,0.813415688335694,-0.00901721663223369,0.712769921911623,NA,NA
"kernel.count",0.0786463441913689,9.87391643887963e-09,0.212526518672906,1.43974911954133e-14,NA,NA
"CDR3.similarity",0.204809274288293,6.29703769555256e-91,NA,NA,0.160235795106697,1.06083770789829e-11
"full.similarity",0.172684391604537,2.07281512536559e-40,NA,NA,0.246631054420439,3.19823878864656e-27
