"term","combined.estimate","combined.p.value","structure.estimate","structure.p.value","sequence.estimate","sequence.p.value"
"(Intercept)",-0.0592808929356058,6.5372251798071e-08,-0.0431118212622841,0.0709421704771473,-0.0403658294795187,0.000205314277011048
"top.sg.euc.dist",0.0145781253714178,0.252863828224583,-0.00110898716474875,0.967924330036071,NA,NA
"top.sg.median.kas",0.0511901275523266,5.21077878220086e-05,0.058341115652786,0.0289183611082644,NA,NA
"avg.spearman",0.141421781055884,3.91378594991989e-25,0.11321505029855,0.000131197230826608,NA,NA
"kernel.count",0.178052191050073,2.89842617610529e-36,0.253757675988357,2.54234562224725e-18,NA,NA
"CDR3.similarity",0.254389299645858,4.91002246513199e-112,NA,NA,0.331188089126728,6.271355172297e-229
