"term","combined.estimate","combined.p.value","structure.estimate","structure.p.value","sequence.estimate","sequence.p.value"
"(Intercept)",-0.0684928157488941,2.17807784478514e-13,-0.0382628998909824,3.1856288775205e-05,-0.066756697267332,8.09732544823488e-13
"avg.euc.dist",0.0356767678795221,0.00103909546568351,0.0100408051028027,0.358162996574919,0.159848227694719,1.48445696213022e-61
"top.sg.median.kas",0.0345635471744534,0.00105809202756091,0.0653366771277741,3.61574336671599e-10,0.320958778225758,2.86167856234469e-253
"avg.spearman",0.0632811270375119,1.24622290732826e-08,0.10463218096548,4.30258706091929e-21,-0.066756697267332,8.09732544823488e-13
"kernel.count",0.029576220532874,0.0201377599038313,0.0114838882829781,0.25177049251097,0.159848227694719,1.48445696213022e-61
"CDR.similarity",0.380031416590485,1.00577984810071e-247,0.234222291581067,9.17181112202274e-99,0.320958778225758,2.86167856234469e-253
