"term","both","both.p.value","cdr3","cdr3.p.value","full","full.p.value"
"(Intercept)",-0.15207781328107,1.15712798995761e-07,-0.0607589203854706,0.0285655759882172,-0.140179467991656,9.39063588299243e-07
"CDR3.similarity",0.100934262213782,0.000613356368904008,0.324721824424127,6.03538528059483e-36,NA,NA
"full.similarity",0.457059952410505,1.12188956493619e-67,NA,NA,0.523403245806846,3.94591055944291e-98
