"term","all.features","all.features.p.value","tuned.features","tuned.penalty"
"(Intercept)",-0.028789699560809,0.308073246239409,-0.0287139704712209,0.000739072203352578
"avg.kas",-0.138984221404965,0.0073175237227178,-0.115924759836413,0.000739072203352578
"avg.euc.dist",0.0540357298474121,0.224917294684939,0.0490003345814501,0.000739072203352578
"avg.spearman",0.0418160365746934,0.213973934732976,0.035075713542028,0.000739072203352578
"top.sg.euc.dist",0.0760882425731882,0.0787369589110103,0.0722012964784825,0.000739072203352578
"top.sg.cosine.sim",-0.0134472001275251,0.670386416685582,-0.00910620986427287,0.000739072203352578
"kernel.count",0.733914563010112,1.82000267644252e-53,0.724166389199354,0.000739072203352578
"top.kas",0.0428716200689474,0.416768116987513,0.023885305113393,0.000739072203352578
