"term","combined.estimate","combined.p.value","structure.estimate","structure.p.value","sequence.estimate","sequence.p.value"
"(Intercept)",-0.0411098985864177,1.31946515806165e-05,-0.0226106833253328,0.319319479501337,-0.0289038540921997,0.204468432902376
"top.sg.euc.dist",0.00421459053018554,0.696998403744549,-0.00973648508963158,0.705803546438563,NA,NA
"top.sg.median.kas",0.0495148248927933,2.12864198682182e-06,0.0714180156890882,0.00378386088958403,NA,NA
"avg.spearman",0.00479079952088488,0.657578407743987,0.0012200608456233,0.959979263160352,NA,NA
"kernel.count",0.174769352483995,4.87176725246973e-52,0.225167487347651,5.07885720962358e-17,NA,NA
"CDR3.similarity",0.240208065557433,1.87258194176379e-137,NA,NA,0.254497564366327,1.14801548468552e-31
