"term","combined.estimate","combined.p.value","structure.estimate","structure.p.value","sequence.estimate","sequence.p.value"
"(Intercept)",-0.00958912976410808,0.568736769663105,-0.00785893317840393,0.639803175713187,-0.00440266636624191,0.79219694544752
"avg.euc.dist",0.0175862128847792,0.380446189098097,0.00367519667754298,0.854660144851294,NA,NA
"top.sg.median.kas",-0.0605377130984012,0.00141821096611745,-0.047926375898273,0.0107479392589319,NA,NA
"avg.spearman",0.0169435401721002,0.378072471571743,0.0141302851851035,0.455881254393991,NA,NA
"kernel.count",0.257754004242591,8.46381725133164e-32,0.280307699361988,5.79007316641345e-39,NA,NA
"CDR3.similarity",0.132888339021934,2.04026056623227e-14,NA,NA,0.171504620166993,1.79383768043309e-25
