"term","both","both.p.value","cdr3","cdr3.p.value","full","full.p.value"
"(Intercept)",-0.0816772036679221,0.00362805161041441,-0.0523051165866118,0.0593970920758137,-0.071174699850952,0.0106762360009145
"CDR3.similarity",0.210678797626177,1.00082016524103e-12,0.393431176156173,1.46554557961845e-50,NA,NA
"full.similarity",0.352896427558301,1.29218719351545e-34,NA,NA,0.430326015592433,1.13474433708234e-62
