"term","both","both.p.value","cdr3","cdr3.p.value","full","full.p.value"
"(Intercept)",-0.0203649276374191,0.462254904856791,-0.0154083232145125,0.572083368092211,-0.0240723377950341,0.382851191430853
"CDR3.similarity",0.141947356136646,3.81252982291974e-06,0.278850560917859,2.47465972212678e-25,NA,NA
"full.similarity",0.38482093594447,7.64189730105158e-35,NA,NA,0.419680724688036,3.67449444694443e-51
