"term","all.features","all.features.p.value","tuned.features","tuned.penalty","limited.features","limited.features.p.value"
"(Intercept)",-0.019672255151048,0.475018038491801,-0.0193792453787439,0.000585702081805666,-0.0197984655935098,0.471782930083406
"avg.euc.dist",0.0310940069948981,0.466891178318498,0.0274796865647854,0.000585702081805666,0.0687605002905683,0.0341405958688702
"avg.kas",-0.100002071210075,0.113280105385033,-0.069193177876105,0.000585702081805666,NA,NA
"top.sg.median.kas",0.122682750564442,0.0403779788428303,0.0966093949674873,0.000585702081805666,0.0740529983031327,0.0220274385893591
"top.sg.euc.dist",0.0187607161176707,0.652402816559304,0.0149694186811324,0.000585702081805666,NA,NA
"avg.spearman",0.249703857080622,5.53272538409852e-12,0.244071549977876,0.000585702081805666,0.186468735544828,1.03375812085188e-07
"top.cosine.sim",0.0204509924112105,0.490350791886183,0.017250124586689,0.000585702081805666,NA,NA
"kernel.count",0.257753058818482,1.98908623030761e-11,0.249472712164769,0.000585702081805666,0.274719623809219,1.56751793868045e-13
