"term","all.features","all.features.p.value","tuned.features","tuned.penalty","limited.features","limited.features.p.value"
"(Intercept)",-0.0536755811737293,0.052466199955034,-0.0525095790766364,0.00093260334688322,-0.0531092433611872,0.0547792808164633
"avg.euc.dist",-0.0179935387155948,0.666487240352974,0,0.00093260334688322,0.0204586303011159,0.529848195708322
"avg.kas",0.10770966737359,0.0676918410777755,0.10763684375722,0.00093260334688322,NA,NA
"top.sg.median.kas",0.0200750184512559,0.7166379703332,0.0167992973305457,0.00093260334688322,0.101170102005349,0.00130186028002367
"top.sg.euc.dist",0.0508203885120792,0.216983800218384,0.025992561387713,0.00093260334688322,NA,NA
"avg.spearman",0.1559857816755,3.24370216348479e-06,0.150817987036817,0.00093260334688322,0.155406236124711,2.34315400587535e-06
"top.cosine.sim",-0.00700879481260608,0.816905340650658,0,0.00093260334688322,NA,NA
"kernel.count",0.226229922088215,5.04375113007771e-11,0.217021436970032,0.00093260334688322,0.232067819265331,2.58926971551777e-12
