"term","combined.estimate","combined.p.value","structure.estimate","structure.p.value","sequence.estimate","sequence.p.value"
"(Intercept)",-0.0115748522191962,0.611258869146443,-0.0066267408436547,0.770022481424573,-0.0113175937098606,0.501831643243619
"top.sg.euc.dist",0.00710181262089852,0.791632532100276,-0.0140991899128135,0.596213246671638,NA,NA
"top.sg.median.kas",-0.0789804922666319,0.00200922260160382,-0.0451863909134963,0.0735705654544327,NA,NA
"avg.spearman",-0.0251809156948997,0.327799497954704,0.00683456609868031,0.789318105304524,NA,NA
"top.cosine.sim",-0.0729759954992801,0.0037428772531208,-0.0463995470797841,0.0578466782080085,NA,NA
"kernel.count",0.135607264093463,4.85663051011526e-05,0.297382223171179,4.94467859484089e-25,NA,NA
"CDR3.similarity",0.0644374930911236,0.00762275839019145,NA,NA,0.068933863882951,0.000120187469800732
"full.similarity",0.255304085320955,1.33610580669021e-14,NA,NA,0.279912386790841,1.15351520501963e-53
