"term","combined.estimate","combined.p.value","structure.estimate","structure.p.value","sequence.estimate","sequence.p.value"
"(Intercept)",-0.0535712319568207,1.64944559615812e-06,-0.0213402356979509,0.378548283645735,-0.0519092813961752,3.34985647841594e-06
"avg.euc.dist",0.00838480463051699,0.542041255452202,-0.0586196836144144,0.0454353491897254,NA,NA
"top.sg.median.kas",0.0256122179999471,0.0425803468093969,0.0726577521721622,0.00608827833169664,NA,NA
"avg.spearman",-0.0293376848989498,0.0262550372063262,-0.00598453837428898,0.820020605322401,NA,NA
"top.cosine.sim",-0.0105126365361041,0.387142819698152,-0.00473807832999032,0.85521506925386,NA,NA
"kernel.count",0.0467217885810034,0.00461700661849707,0.191954060260458,5.92299296574106e-11,NA,NA
"CDR3.similarity",0.229402764584698,2.27616453282103e-79,NA,NA,0.209003715285037,6.32560008413447e-70
"full.similarity",0.235789582738804,1.33599062190869e-50,NA,NA,0.266490867299037,3.60553068761948e-122
