"term","combined.estimate","combined.p.value","structure.estimate","structure.p.value","sequence.estimate","sequence.p.value"
"(Intercept)",-0.0123277228139583,0.502687448125205,-0.00766847269292404,0.751211037342434,-0.0133955926422898,0.581782034714127
"avg.euc.dist",0.0159782615130154,0.480274993348734,-0.000608824421945868,0.983235908158001,NA,NA
"top.sg.median.kas",-0.0473160319581932,0.0264599596517919,-0.00385553993834941,0.889301418575719,NA,NA
"avg.spearman",-0.0166522048275691,0.439020885316331,0.0378187916414816,0.161387872421596,NA,NA
"top.cosine.sim",-0.0103443506256128,0.606203290561697,-0.0161475272744608,0.538775237488627,NA,NA
"kernel.count",0.12246954908593,1.76122702738776e-05,0.264782900715613,6.12357735209755e-17,NA,NA
"CDR3.similarity",0.100482203277123,5.33325879906805e-07,NA,NA,0.0843392040805343,0.00122439183230872
"full.similarity",0.255816597882332,1.40879428604537e-20,NA,NA,0.300669293494595,4.34902570059657e-30
