"term","combined.estimate","combined.p.value","structure.estimate","structure.p.value","sequence.estimate","sequence.p.value"
"(Intercept)",-0.0136782179836762,0.540364794425449,-0.0108208554748159,0.625752629323552,-0.610225298216287,1.62692803808402e-210
"avg.euc.dist",0.0482642664605441,0.0662331412650579,0.0212513105469491,0.419081897464663,NA,NA
"top.sg.median.kas",0.0549984918884324,0.0362090747215386,0.065343475645961,0.0119435967259125,NA,NA
"avg.spearman",0.117158747711257,1.43497313215695e-05,0.164300739588438,1.4875128293441e-09,NA,NA
"kernel.count",0.0198523828014707,0.550187668358902,0.187610051940428,1.57800762616266e-10,NA,NA
"CDR.similarity",0.321908280698222,3.6046785330903e-28,NA,NA,NA,NA
"top.cosine.sim",NA,NA,0.0205440903067434,0.390797447607551,NA,NA
"CDR3.similarity",NA,NA,NA,NA,0.0626682472988621,0.00400895051503983
"full.similarity",NA,NA,NA,NA,0.377821317995566,5.54730399010285e-69
