"term","combined.estimate","combined.p.value","structure.estimate","structure.p.value","sequence.estimate","sequence.p.value"
"(Intercept)",-0.0131706108984054,0.581100996172081,-0.0113806346691148,0.528130701149409,-0.00904406293136555,0.613268200345264
"top.sg.euc.dist",0.0209544539369862,0.446386692852875,0.0534247158845603,0.0108609843880311,NA,NA
"top.sg.median.kas",0.035024219038923,0.215763271138534,0.0451455441063592,0.0367078978464235,NA,NA
"avg.spearman",0.170343975152825,1.06895100037428e-08,0.191441593812494,7.83835553433763e-17,NA,NA
"kernel.count",0.211654598055363,1.80617821144839e-10,0.262920120269227,1.21668412680013e-26,NA,NA
"CDR3.similarity",0.1598828801867,1.77487510921163e-10,NA,NA,0.263517723379046,7.4393282720913e-50
