"term","combined.estimate","combined.p.value","structure.estimate","structure.p.value","sequence.estimate","sequence.p.value"
"(Intercept)",-0.0162552687056286,0.327955703973274,-0.0108208554748159,0.625752629323552,-0.0153314303998378,0.492098211451757
"avg.euc.dist",0.067308660952485,0.000736937333216626,0.0212513105469491,0.419081897464663,NA,NA
"top.sg.median.kas",0.032634303516867,0.103172124044684,0.065343475645961,0.0119435967259125,NA,NA
"avg.spearman",0.123013290422717,2.78788274769768e-09,0.164300739588438,1.4875128293441e-09,NA,NA
"top.cosine.sim",0.00544516668903583,0.763146893058107,0.0205440903067434,0.390797447607551,NA,NA
"kernel.count",-0.0280284389424948,0.296449645778961,0.187610051940428,1.57800762616266e-10,NA,NA
"CDR3.similarity",0.0504396552838356,0.00613554429230855,NA,NA,0.0486321505043635,0.046121140529321
"full.similarity",0.354431971648526,4.82528123367627e-41,NA,NA,0.367248420658156,1.94947335722891e-48
