"term","combined.estimate","combined.p.value","structure.estimate","structure.p.value","sequence.estimate","sequence.p.value"
"(Intercept)",-0.0685844613165638,0.0024134690999218,-0.0402819486076596,0.0707582963121862,-0.066756697267332,8.09732544823488e-13
"avg.euc.dist",0.0590733896819535,0.0255990747213525,-0.000528438431318703,0.983719176479959,NA,NA
"top.sg.median.kas",0.0320631262568204,0.205948638082425,0.0644217943327998,0.00926025405519014,NA,NA
"avg.spearman",0.0691904879369905,0.00830768767050929,0.110941899144633,3.56286856238069e-05,NA,NA
"top.cosine.sim",-0.0124553265605839,0.610190802681715,-0.0167845564282436,0.487154266757854,NA,NA
"kernel.count",0.0348097339683235,0.273366513968134,0.213168266088313,6.05697305491328e-16,NA,NA
"CDR3.similarity",0.125350291330586,6.34275968519683e-08,NA,NA,0.159848227694719,1.48445696213022e-61
"full.similarity",0.28799228880994,1.17293398639194e-19,NA,NA,0.320958778225758,2.86167856234469e-253
